{
  "format": "fast-poser-asset",
  "version": 1,
  "type": "animation",
  "name": "HiddenWalkonWall",
  "savedAt": "2026-04-25T19:19:54.729Z",
  "scene": {
    "characterCount": 1,
    "characterColors": [
      "#6cb8ed"
    ],
    "weapons": []
  },
  "playbackSpeed": 1,
  "keyframes": [
    {
      "time": 0,
      "pose": {
        "Hips_0": {
          "position": [
            0,
            1.5373022577822315,
            0
          ],
          "quaternion": [
            0,
            0,
            0,
            1
          ],
          "scale": [
            1,
            1,
            1
          ]
        },
        "Spine_0": {
          "position": [
            0,
            0.2,
            0
          ],
          "quaternion": [
            0.08970678904624149,
            -0.29326362179449667,
            0.3641727312780104,
            0.8793903353599594
          ],
          "scale": [
            1,
            1,
            1
          ]
        },
        "Head_0": {
          "position": [
            0,
            1.2,
            0
          ],
          "quaternion": [
            0.32748093152398744,
            0,
            0,
            0.944857787970328
          ],
          "scale": [
            1,
            1,
            1
          ]
        },
        "Left_Upper_Arm_0": {
          "position": [
            0.6,
            1.1,
            0
          ],
          "quaternion": [
            0,
            0,
            0.09983341664682815,
            0.9950041652780258
          ],
          "scale": [
            1,
            1,
            1
          ]
        },
        "Left_Lower_Arm_0": {
          "position": [
            0,
            -0.9,
            0
          ],
          "quaternion": [
            0,
            0,
            0,
            1
          ],
          "scale": [
            1,
            1,
            1
          ]
        },
        "Right_Upper_Arm_0": {
          "position": [
            -0.6,
            1.1,
            0
          ],
          "quaternion": [
            0,
            0,
            -0.09983341664682815,
            0.9950041652780258
          ],
          "scale": [
            1,
            1,
            1
          ]
        },
        "Right_Lower_Arm_0": {
          "position": [
            0,
            -0.9,
            0
          ],
          "quaternion": [
            0,
            0,
            0,
            1
          ],
          "scale": [
            1,
            1,
            1
          ]
        },
        "Left_Upper_Leg_0": {
          "position": [
            0.25,
            -0.2,
            0
          ],
          "quaternion": [
            -0.6506347497193906,
            0.17560611290252442,
            0.19251526278629993,
            0.713284507867074
          ],
          "scale": [
            1,
            1,
            1
          ]
        },
        "Left_Lower_Leg_0": {
          "position": [
            0,
            -1.1,
            0
          ],
          "quaternion": [
            0.7981213061072636,
            0.027717266948202236,
            0.03682468661988343,
            0.6007312846072737
          ],
          "scale": [
            1,
            1,
            1
          ]
        },
        "Right_Upper_Leg_0": {
          "position": [
            -0.25,
            -0.2,
            0
          ],
          "quaternion": [
            -0.5881284347527376,
            0,
            0,
            0.808767546477537
          ],
          "scale": [
            1,
            1,
            1
          ]
        },
        "Right_Lower_Leg_0": {
          "position": [
            0,
            -1.1,
            0
          ],
          "quaternion": [
            0.864457084126117,
            0,
            0,
            0.5027066238912826
          ],
          "scale": [
            1,
            1,
            1
          ]
        }
      }
    },
    {
      "time": 0.2,
      "pose": {
        "Hips_0": {
          "position": [
            -1.023031812232716,
            1.5373022577822315,
            0
          ],
          "quaternion": [
            0,
            0,
            0,
            1
          ],
          "scale": [
            1,
            1,
            1
          ]
        },
        "Spine_0": {
          "position": [
            0,
            0.2,
            0
          ],
          "quaternion": [
            0.08970678904624149,
            -0.29326362179449667,
            0.3641727312780104,
            0.8793903353599594
          ],
          "scale": [
            1,
            1,
            1
          ]
        },
        "Head_0": {
          "position": [
            0,
            1.2,
            0
          ],
          "quaternion": [
            0.32748093152398744,
            0,
            0,
            0.944857787970328
          ],
          "scale": [
            1,
            1,
            1
          ]
        },
        "Left_Upper_Arm_0": {
          "position": [
            0.6,
            1.1,
            0
          ],
          "quaternion": [
            0,
            0,
            0.09983341664682815,
            0.9950041652780258
          ],
          "scale": [
            1,
            1,
            1
          ]
        },
        "Left_Lower_Arm_0": {
          "position": [
            0,
            -0.9,
            0
          ],
          "quaternion": [
            0,
            0,
            0,
            1
          ],
          "scale": [
            1,
            1,
            1
          ]
        },
        "Right_Upper_Arm_0": {
          "position": [
            -0.6,
            1.1,
            0
          ],
          "quaternion": [
            -0.4666839158915465,
            0.0468245776685323,
            -0.08817125385034949,
            0.8787715354793605
          ],
          "scale": [
            1,
            1,
            1
          ]
        },
        "Right_Lower_Arm_0": {
          "position": [
            0,
            -0.9,
            0
          ],
          "quaternion": [
            0,
            0,
            0,
            1
          ],
          "scale": [
            1,
            1,
            1
          ]
        },
        "Left_Upper_Leg_0": {
          "position": [
            0.25,
            -0.2,
            0
          ],
          "quaternion": [
            -0.4843972603233176,
            0.3552529356027201,
            0.27899853712990996,
            0.749209224593694
          ],
          "scale": [
            1,
            1,
            1
          ]
        },
        "Left_Lower_Leg_0": {
          "position": [
            0,
            -1.1,
            0
          ],
          "quaternion": [
            0.4349262976180507,
            0.007802384724938383,
            0.04542496256833432,
            0.8992857227869929
          ],
          "scale": [
            1,
            1,
            1
          ]
        },
        "Right_Upper_Leg_0": {
          "position": [
            -0.25,
            -0.2,
            0
          ],
          "quaternion": [
            -0.5664940664853174,
            -0.15804913287213543,
            -0.21734199855451594,
            0.7790169445523145
          ],
          "scale": [
            1,
            1,
            1
          ]
        },
        "Right_Lower_Leg_0": {
          "position": [
            0,
            -1.1,
            0
          ],
          "quaternion": [
            0.864457084126117,
            0,
            0,
            0.5027066238912826
          ],
          "scale": [
            1,
            1,
            1
          ]
        }
      }
    },
    {
      "time": 0.4,