{
  "format": "fast-poser-asset",
  "version": 1,
  "type": "animation",
  "name": "JumpingLikeMaxL",
  "savedAt": "2026-04-26T16:45:21.112Z",
  "scene": {
    "characterCount": 1,
    "characterColors": [
      "#a8ed6c"
    ],
    "weapons": []
  },
  "playbackSpeed": 0.65,
  "keyframes": [
    {
      "time": 0,
      "pose": {
        "Hips_0": {
          "position": [
            -0.01727087961845677,
            2.0524948345944334,
            0
          ],
          "quaternion": [
            0.11276172174789185,
            0.0007774625919904738,
            0.006850599400616923,
            0.9935981375527139
          ],
          "scale": [
            1,
            1,
            1
          ]
        },
        "Spine_0": {
          "position": [
            0,
            0.2,
            0
          ],
          "quaternion": [
            0.10387476388328959,
            0,
            0,
            0.9945903847454945
          ],
          "scale": [
            1,
            1,
            1
          ]
        },
        "Head_0": {
          "position": [
            0,
            1.2,
            0
          ],
          "quaternion": [
            0,
            0,
            0,
            1
          ],
          "scale": [
            1,
            1,
            1
          ]
        },
        "Left_Upper_Arm_0": {
          "position": [
            0.6,
            1.1,
            0
          ],
          "quaternion": [
            0,
            0,
            0.09983341664682815,
            0.9950041652780258
          ],
          "scale": [
            1,
            1,
            1
          ]
        },
        "Left_Lower_Arm_0": {
          "position": [
            0,
            -0.9,
            0
          ],
          "quaternion": [
            0,
            0,
            0,
            1
          ],
          "scale": [
            1,
            1,
            1
          ]
        },
        "Right_Upper_Arm_0": {
          "position": [
            -0.6,
            1.1,
            0
          ],
          "quaternion": [
            -0.8284419402132998,
            0.08312145041313584,
            -0.05529498675825671,
            0.5511054714083725
          ],
          "scale": [
            1,
            1,
            1
          ]
        },
        "Right_Lower_Arm_0": {
          "position": [
            0,
            -0.9,
            0
          ],
          "quaternion": [
            0,
            0,
            0,
            1
          ],
          "scale": [
            1,
            1,
            1
          ]
        },
        "Left_Upper_Leg_0": {
          "position": [
            0.25,
            -0.2,
            0
          ],
          "quaternion": [
            -0.25281973203735125,
            0,
            0,
            0.9675134020221953
          ],
          "scale": [
            1,
            1,
            1
          ]
        },
        "Left_Lower_Leg_0": {
          "position": [
            0,
            -1.1,
            0
          ],
          "quaternion": [
            0.5445056080058258,
            0,
            0,
            0.8387572013701021
          ],
          "scale": [
            1,
            1,
            1
          ]
        },
        "Right_Upper_Leg_0": {
          "position": [
            -0.25,
            -0.2,
            0
          ],
          "quaternion": [
            -0.26075651073253076,
            0,
            0,
            0.965404600212054
          ],
          "scale": [
            1,
            1,
            1
          ]
        },
        "Right_Lower_Leg_0": {
          "position": [
            0,
            -1.1,
            0
          ],
          "quaternion": [
            0.486452160312907,
            0,
            0,
            0.8737072139606642
          ],
          "scale": [
            1,
            1,
            1
          ]
        }
      }
    },
    {
      "time": 0.6000000000000001,
      "pose": {
        "Hips_0": {
          "position": [
            1.273744601865111,
            3.7904182698219637,
            0
          ],
          "quaternion": [
            0.11121063484521627,
            0.01865489311025106,
            -0.15084957933890306,
            0.9821041666104696
          ],
          "scale": [
            1,
            1,
            1
          ]
        },
        "Spine_0": {
          "position": [
            0,
            0.2,
            0
          ],
          "quaternion": [
            0.10387476388328959,
            0,
            0,
            0.9945903847454945
          ],
          "scale": [
            1,
            1,
            1
          ]
        },
        "Head_0": {
          "position": [
            0,
            1.2,
            0
          ],
          "quaternion": [
            0,
            0,
            0,
            1
          ],
          "scale": [
            1,
            1,
            1
          ]
        },
        "Left_Upper_Arm_0": {
          "position": [
            0.6,
            1.1,
            0
          ],
          "quaternion": [
            0,
            0,
            0.23165455986130698,
            0.9727981110669698
          ],
          "scale": [
            1,
            1,
            1
          ]
        },
        "Left_Lower_Arm_0": {
          "position": [
            0,
            -0.9,
            0
          ],
          "quaternion": [
            0,
            0,
            0,
            1
          ],
          "scale": [
            1,
            1,
            1
          ]
        },
        "Right_Upper_Arm_0": {
          "position": [
            -0.6,
            1.1,
            0
          ],
          "quaternion": [
            -0.8326014675002825,
            -0.0001419138329106645,
            -0.11013000638062821,
            0.5428131887412492
          ],
          "scale": [
            1,
            1,
            1
          ]
        },
        "Right_Lower_Arm_0": {
          "position": [
            0,
            -0.9,
            0
          ],
          "quaternion": [
            0,
            0,
            0,
            1
          ],
          "scale": [
            1,
            1,
            1
          ]
        },
        "Left_Upper_Leg_0": {
          "position": [
            0.25,
            -0.2,
            0
          ],
          "quaternion": [
            -0.06171274001455429,
            0,
            0,
            0.9980939523511283
          ],
          "scale": [
            1,
            1,
            1
          ]
        },
        "Left_Lower_Leg_0": {
          "position": [
            0,
            -1.1,
            0
          ],
          "quaternion": [
            0.5445056080058258,
            0,
            0,
            0.8387572013701021
          ],
          "scale": [
            1,
            1,
            1
          ]
        },
        "Right_Upper_Leg_0": {
          "position": [
            -0.25,
            -0.2,
            0
          ],
          "quaternion": [
            -0.24974153516673508,
            -0.07498748896960651,
            -0.27762783988111306,
            0.9246236124140151
          ],
          "scale": [
            1,
            1,
            1
          ]
        },
        "Right_Lower_Leg_0": {
          "position": [
            0,
            -1.1,
            0
          ],
          "quaternion": [
            0.3041892282544832,
            0,
            0,
            0.9526116277969434
          ],
          "scale": [
            1,
            1,
            1
          ]
        }
      }
    },
    {
      "time": 1.1,
      "pose": {
        "Hips_0": {
          "position": [
            1.9529173628885346,
            4.283043747388924,
            0
          ],