{
  "format": "fast-poser-asset",
  "version": 1,
  "type": "animation",
  "name": "JumpingLikeMaxFrw",
  "savedAt": "2026-04-26T16:42:11.349Z",
  "scene": {
    "characterCount": 1,
    "characterColors": [
      "#a8ed6c"
    ],
    "weapons": []
  },
  "playbackSpeed": 0.65,
  "keyframes": [
    {
      "time": 0,
      "pose": {
        "Hips_0": {
          "position": [
            -0.01727087961845677,
            2.3611164030819976,
            0
          ],
          "quaternion": [
            0.11276172174789185,
            0.0007774625919904738,
            0.006850599400616923,
            0.9935981375527139
          ],
          "scale": [
            1,
            1,
            1
          ]
        },
        "Spine_0": {
          "position": [
            0,
            0.2,
            0
          ],
          "quaternion": [
            0.10387476388328959,
            0,
            0,
            0.9945903847454945
          ],
          "scale": [
            1,
            1,
            1
          ]
        },
        "Head_0": {
          "position": [
            0,
            1.2,
            0
          ],
          "quaternion": [
            0,
            0,
            0,
            1
          ],
          "scale": [
            1,
            1,
            1
          ]
        },
        "Left_Upper_Arm_0": {
          "position": [
            0.6,
            1.1,
            0
          ],
          "quaternion": [
            0,
            0,
            0.09983341664682815,
            0.9950041652780258
          ],
          "scale": [
            1,
            1,
            1
          ]
        },
        "Left_Lower_Arm_0": {
          "position": [
            0,
            -0.9,
            0
          ],
          "quaternion": [
            0,
            0,
            0,
            1
          ],
          "scale": [
            1,
            1,
            1
          ]
        },
        "Right_Upper_Arm_0": {
          "position": [
            -0.6,
            1.1,
            0
          ],
          "quaternion": [
            -0.8284419402132998,
            0.08312145041313584,
            -0.05529498675825671,
            0.5511054714083725
          ],
          "scale": [
            1,
            1,
            1
          ]
        },
        "Right_Lower_Arm_0": {
          "position": [
            0,
            -0.9,
            0
          ],
          "quaternion": [
            0,
            0,
            0,
            1
          ],
          "scale": [
            1,
            1,
            1
          ]
        },
        "Left_Upper_Leg_0": {
          "position": [
            0.25,
            -0.2,
            0
          ],
          "quaternion": [
            -0.25281973203735125,
            0,
            0,
            0.9675134020221953
          ],
          "scale": [
            1,
            1,
            1
          ]
        },
        "Left_Lower_Leg_0": {
          "position": [
            0,
            -1.1,
            0
          ],
          "quaternion": [
            0.5445056080058258,
            0,
            0,
            0.8387572013701021
          ],
          "scale": [
            1,
            1,
            1
          ]
        },
        "Right_Upper_Leg_0": {
          "position": [
            -0.25,
            -0.2,
            0
          ],
          "quaternion": [
            -0.26075651073253076,
            0,
            0,
            0.965404600212054
          ],
          "scale": [
            1,
            1,
            1
          ]
        },
        "Right_Lower_Leg_0": {
          "position": [
            0,
            -1.1,
            0
          ],
          "quaternion": [
            0.486452160312907,
            0,
            0,
            0.8737072139606642
          ],
          "scale": [
            1,
            1,
            1
          ]
        }
      }
    },
    {
      "time": 0.2,
      "pose": {
        "Hips_0": {
          "position": [
            -0.01727087961845677,
            3.134649948692661,
            0.8140776813293384
          ],
          "quaternion": [
            0.2693741724070917,
            0.0018572644958644547,
            0.006639708489239482,
            0.9630109137905785
          ],
          "scale": [
            1,
            1,
            1
          ]
        },
        "Spine_0": {
          "position": [
            0,
            0.2,
            0
          ],
          "quaternion": [
            0.10387476388328959,
            0,
            0,
            0.9945903847454945
          ],
          "scale": [
            1,
            1,
            1
          ]
        },
        "Head_0": {
          "position": [
            0,
            1.2,
            0
          ],
          "quaternion": [
            0,
            0,
            0,
            1
          ],
          "scale": [
            1,
            1,
            1
          ]
        },
        "Left_Upper_Arm_0": {
          "position": [
            0.6,
            1.1,
            0
          ],
          "quaternion": [
            0.15758393664165113,
            0.01581113260887448,
            0.09857342017503386,
            0.9824462284690908
          ],
          "scale": [
            1,
            1,
            1
          ]
        },
        "Left_Lower_Arm_0": {
          "position": [
            0,
            -0.9,
            0
          ],
          "quaternion": [
            0,
            0,
            0,
            1
          ],
          "scale": [
            1,
            1,
            1
          ]
        },
        "Right_Upper_Arm_0": {
          "position": [
            -0.6,
            1.1,
            0
          ],
          "quaternion": [
            -0.8284419402132998,
            0.08312145041313584,
            -0.05529498675825671,
            0.5511054714083725
          ],
          "scale": [
            1,
            1,
            1
          ]
        },
        "Right_Lower_Arm_0": {
          "position": [
            0,
            -0.9,
            0
          ],
          "quaternion": [
            0,
            0,
            0,
            1
          ],
          "scale": [
            1,
            1,
            1
          ]
        },
        "Left_Upper_Leg_0": {
          "position": [
            0.25,
            -0.2,
            0
          ],
          "quaternion": [
            -0.00009510979169546907,
            0.0008714969236290502,
            0.0015540431003984243,
            0.9999984081973741
          ],
          "scale": [
            1,
            1,
            1
          ]
        },
        "Left_Lower_Leg_0": {
          "position": [
            0,
            -1.1,
            0
          ],
          "quaternion": [
            0.5445056080058258,
            0,
            0,
            0.8387572013701021
          ],
          "scale": [
            1,
            1,
            1
          ]
        },
        "Right_Upper_Leg_0": {
          "position": [
            -0.25,
            -0.2,
            0
          ],
          "quaternion": [
            0.14224602476666956,
            0,
            0,
            0.9898313333280979
          ],
          "scale": [
            1,
            1,
            1
          ]
        },
        "Right_Lower_Leg_0": {
          "position": [
            0,
            -1.1,
            0
          ],
          "quaternion": [
            0.0936852196889218,
            0,
            0,
            0.9956018680234778
          ],
          "scale": [
            1,
            1,
            1
          ]
        }
      }
    },
    {
      "time": 1.1,